id,name,model_id:id,group_id:id,perm_read,perm_write,perm_create,perm_unlink
access_claim_details,access.claim.details,model_claim_details,base.group_user,1,1,1,1
access_employee_details,access.employee.details,model_employee_details,base.group_user,1,1,1,1
access_insurance_details,access.insurance.details,model_insurance_details,base.group_user,1,1,1,1
access_policy_details,access.policy.details,model_policy_details,base.group_user,1,1,1,1
access_policy_type,access.policy.type,model_policy_type,base.group_user,1,1,1,1
access_account_invoice,access.account.invoice,model_account_invoice,base.group_user,1,1,1,1
